#,Property Name,Category,Location / Area,Phone,Google Maps Link
1,"""M""",Apartment,1601 - 1650,-,Open in Google Maps
2,"""Q""",Apartment,1501 - 1550,-,Open in Google Maps
3,Aggelos Apartments,Apartment,"Corfu, Greece",-,Open in Google Maps
4,Akti Barbati,Apartment,"Corfu, Greece",-,Open in Google Maps
5,Alexandros Studios,Apartment,"Corfu, Greece",-,Open in Google Maps
6,Andrioti,Apartment,"Corfu, Greece",-,Open in Google Maps
7,Angela Beach - Apartment,Apartment,"Corfu, Greece",-,Open in Google Maps
8,Angela Beach - Apartment,Apartment,"Corfu, Greece",-,Open in Google Maps
9,Angela Beach - Apartment,Apartment,"Corfu, Greece",-,Open in Google Maps
10,Angela Beach - Apartment,Apartment,"Corfu, Greece",-,Open in Google Maps
11,Angela Studio Apartments,Apartment,"Corfu, Greece",-,Open in Google Maps
12,Angelika House Roda,Apartment,Roda 49081,+30 697 292 9263,Open in Google Maps
13,Anna Gardens,Apartment,"Corfu, Greece",-,Open in Google Maps
14,Aphrodite Studios & Pool,Apartment,Κέρκυρας - Παλαιοκαστρίτσας,-,Open in Google Maps
15,Appartementhaus Dora,Apartment,Agios Stefanos Haus Dora,-,Open in Google Maps
16,Apxontapiki,Apartment,"Corfu, Greece",-,Open in Google Maps
17,Arilla Inn Studios,Apartment,"Corfu, Greece",-,Open in Google Maps
18,Bakery Apartments,Apartment,"Corfu, Greece",-,Open in Google Maps
19,Bozikis Apartments,Apartment,"Corfu, Greece",00302663041315,Open in Google Maps
20,Butterfly Apartments,Apartment,"Corfu, Greece",-,Open in Google Maps
21,Casa Loukia,Apartment,"Corfu, Greece",-,Open in Google Maps
22,Casa MaLu Boutique Apartments,Apartment,"Corfu, Greece",-,Open in Google Maps
23,Corfu 9 Muses Ipsos,Apartment,"Corfu, Greece",-,Open in Google Maps
24,Corfu Farmer,Apartment,"Corfu, Greece",-,Open in Google Maps
25,Corfu Palms,Apartment,"Corfu, Greece",-,Open in Google Maps
26,Costas Studios,Apartment,"Corfu, Greece",-,Open in Google Maps
27,Dalina,Apartment,"Corfu, Greece",-,Open in Google Maps
28,Despina,Apartment,"Corfu, Greece",-,Open in Google Maps
29,Diamond Villa,Apartment,"Corfu, Greece",-,Open in Google Maps
30,Dimitra Apartments in Kommeno,Apartment,"Corfu, Greece",+302661091315,Open in Google Maps
31,Dimitra Studios,Apartment,"Corfu, Greece",-,Open in Google Maps
32,Dora's Aparments Studio 1&2,Apartment,"Corfu, Greece",-,Open in Google Maps
33,Dr. No,Apartment,1201 - 1230,-,Open in Google Maps
34,Driftwood Beach House,Apartment,"Corfu, Greece",-,Open in Google Maps
35,Electra,Apartment,1101 - 1130,-,Open in Google Maps
36,Elena Stella,Apartment,"Corfu, Greece",-,Open in Google Maps
37,Elena's Apartments,Apartment,"Corfu, Greece",-,Open in Google Maps
38,Feakes,Apartment,"Corfu, Greece",-,Open in Google Maps
39,Flora House,Apartment,"Corfu, Greece",-,Open in Google Maps
40,Galini,Apartment,"Corfu, Greece",-,Open in Google Maps
41,Galini Apartments,Apartment,"Corfu, Greece",-,Open in Google Maps
42,Galini Apartments,Apartment,"Corfu, Greece",-,Open in Google Maps
43,Georgia’s Small House,Apartment,Κέρκυρα - Αχίλλειον - Κάμαρα 490 84,-,Open in Google Maps
44,Giannis Apartments,Apartment,"Corfu, Greece",-,Open in Google Maps
45,"Giannis Apartments, Arillas, Griechenland",Apartment,"Corfu, Greece",-,Open in Google Maps
46,Gilina,Apartment,"Corfu, Greece",-,Open in Google Maps
47,Goldfinger,Apartment,2601 - 2630,-,Open in Google Maps
48,Gregoris House,Apartment,"Corfu, Greece",-,Open in Google Maps
49,Harvagi Villa's,Apartment,"Corfu, Greece",-,Open in Google Maps
50,Hidden Paradise Apartments,Apartment,Lefkmmi Corfu 49080,-,Open in Google Maps
51,House Magda,Apartment,"Corfu, Greece",-,Open in Google Maps
52,IRINI STUDIO,Apartment,"Corfu, Greece",-,Open in Google Maps
53,Ionian View Studios,Apartment,"Corfu, Greece",-,Open in Google Maps
54,James Bond,Apartment,1801 - 1850,-,Open in Google Maps
55,Jaws,Apartment,2201 - 2230,-,Open in Google Maps
56,Kaminaki Seawiew Apartments,Apartment,Κατάβολος,+306939729705,Open in Google Maps
57,Kontis Apts,Apartment,"Corfu, Greece",-,Open in Google Maps
58,Lemon Lane,Apartment,"Corfu, Greece",-,Open in Google Maps
59,Little Corfu,Apartment,"Corfu, Greece",-,Open in Google Maps
60,Makris APARTMETNS,Apartment,"Corfu, Greece",-,Open in Google Maps
61,Maltas Studios,Apartment,"Corfu, Greece",-,Open in Google Maps
62,Margaritas Apartments,Apartment,"Corfu, Greece",-,Open in Google Maps
63,Marias Apartments,Apartment,"Corfu, Greece",-,Open in Google Maps
64,Marias Bar,Apartment,"Corfu, Greece",-,Open in Google Maps
65,Mayflower Apartment & Studios 1.,Apartment,Κέρκυρα - Λευκίμμη Moraitika 49084,-,Open in Google Maps
66,Mayflower Apartment & Studios 2.,Apartment,Κέρκυρα - Λευκίμμη Moraitika 49084,+30 694 206 4002,Open in Google Maps
67,Mega Lithari Villas,Apartment,"Corfu, Greece",-,Open in Google Maps
68,Miss Moneypenny,Apartment,2701 - 2730,-,Open in Google Maps
69,Mon Amour Apartments,Apartment,"Corfu, Greece",-,Open in Google Maps
70,NIkos Apartments,Apartment,"Corfu, Greece",-,Open in Google Maps
71,Napoleon on the Beach,Apartment,Κέρκυρας - Παλαιοκαστρίτσας,-,Open in Google Maps
72,Nick Nack,Apartment,2301 - 2230,-,Open in Google Maps
73,Noufaro,Apartment,"Corfu, Greece",-,Open in Google Maps
74,Octopussy,Apartment,1401 - 1450,-,Open in Google Maps
75,Olga's Garden Apartments,Apartment,"Corfu, Greece",-,Open in Google Maps
76,Paleopetres,Apartment,"Corfu, Greece",-,Open in Google Maps
77,Pansion Margarita,Apartment,"Corfu, Greece",-,Open in Google Maps
78,Paradise Village,Apartment,Main Road Ρόδα 49081,-,Open in Google Maps
79,Parakladi Seaside Retreat,Apartment,"Corfu, Greece",-,Open in Google Maps
80,Priest's Traditional Mansion,Apartment,"Corfu, Greece",-,Open in Google Maps
81,Pussy Galore,Apartment,1701 - 1750,-,Open in Google Maps
82,Renata Studios,Apartment,"Corfu, Greece",-,Open in Google Maps
83,Robolla Beach Aparthotel,Apartment,"Corfu, Greece",-,Open in Google Maps
84,Robolla Beach Aparthotel,Apartment,"Corfu, Greece",-,Open in Google Maps
85,Robolla Beach Aparthotel,Apartment,"Corfu, Greece",-,Open in Google Maps
86,Robolla Beach Aparthotel,Apartment,"Corfu, Greece",-,Open in Google Maps
87,Robolla Beach Aparthotel,Apartment,"Corfu, Greece",-,Open in Google Maps
88,Robolla Beach Aparthotel,Apartment,"Corfu, Greece",-,Open in Google Maps
89,Robolla Beach Aparthotel,Apartment,"Corfu, Greece",-,Open in Google Maps
90,Robolla Beach Aparthotel,Apartment,"Corfu, Greece",-,Open in Google Maps
91,Robolla Beach Aparthotel,Apartment,"Corfu, Greece",-,Open in Google Maps
92,Robolla Beach Aparthotel,Apartment,"Corfu, Greece",-,Open in Google Maps
93,Robolla Beach Aparthotel,Apartment,"Corfu, Greece",-,Open in Google Maps
94,Robolla Beach Aparthotel,Apartment,"Corfu, Greece",-,Open in Google Maps
95,Robolla Beach Aparthotel,Apartment,"Corfu, Greece",-,Open in Google Maps
96,Robolla Beach Aparthotel,Apartment,"Corfu, Greece",-,Open in Google Maps
97,Robolla Beach Aparthotel,Apartment,"Corfu, Greece",-,Open in Google Maps
98,Robolla Beach Aparthotel,Apartment,"Corfu, Greece",-,Open in Google Maps
99,Rose Garden,Apartment,"Corfu, Greece",-,Open in Google Maps
100,SUNSET,Apartment,"Corfu, Greece",-,Open in Google Maps
101,San Marco Appartements,Apartment,Τζάβρου - Σιδαρίου,-,Open in Google Maps
102,Santa Barbara Apartments,Apartment,"Corfu, Greece",-,Open in Google Maps
103,Scaramanga,Apartment,2101 - 2130,-,Open in Google Maps
104,Sea & Sun Beach Apartments,Apartment,6,-,Open in Google Maps
105,Solea Apartments,Apartment,"Corfu, Greece",-,Open in Google Maps
106,Solitaire,Apartment,1301 - 1330,-,Open in Google Maps
107,Spiros' House,Apartment,"Corfu, Greece",-,Open in Google Maps
108,Stefano's house,Apartment,Sinarades village Corfu 49100,-,Open in Google Maps
109,Summertime,Apartment,"Corfu, Greece",-,Open in Google Maps
110,Sun 'n Chill,Apartment,"Corfu, Greece",-,Open in Google Maps
111,Sunflower,Apartment,"Corfu, Greece",-,Open in Google Maps
112,Sunflower Apartments,Apartment,"Corfu, Greece",-,Open in Google Maps
113,Sunrise Apartments,Apartment,"Corfu, Greece",-,Open in Google Maps
114,Thalassa,Apartment,"Corfu, Greece",-,Open in Google Maps
115,Thomas Bungallows,Apartment,"Corfu, Greece",-,Open in Google Maps
116,Tortuga home and garden,Apartment,"Corfu, Greece",-,Open in Google Maps
117,Twin Studios,Apartment,"Corfu, Greece",-,Open in Google Maps
118,Vacances Grèce,Apartment,"Corfu, Greece",-,Open in Google Maps
119,Vasilis Studios,Apartment,"Corfu, Greece",-,Open in Google Maps
120,Verde Blu,Apartment,"Corfu, Greece",-,Open in Google Maps
121,Vila Louiza,Apartment,"Corfu, Greece",-,Open in Google Maps
122,Villa Intaba,Apartment,"Corfu, Greece",-,Open in Google Maps
123,Villa Ismini,Apartment,"Corfu, Greece",-,Open in Google Maps
124,Villa Kokkini,Apartment,"Corfu, Greece",-,Open in Google Maps
125,Villa Lena,Apartment,"Corfu, Greece",-,Open in Google Maps
126,Villa Lentos,Apartment,"Corfu, Greece",-,Open in Google Maps
127,Villa Linakis,Apartment,"Corfu, Greece",-,Open in Google Maps
128,Villa Monaxia,Apartment,"Corfu, Greece",-,Open in Google Maps
129,Villa Nikolas,Apartment,"Corfu, Greece",-,Open in Google Maps
130,Villa Paronea,Apartment,Κέρκυρα - Λευκίμμη Κέρκυρα 49084,-,Open in Google Maps
131,Villa Roland,Apartment,"Corfu, Greece",-,Open in Google Maps
132,Villa Tatiana,Apartment,"Corfu, Greece",-,Open in Google Maps
133,Villa Vasiliki,Apartment,"Corfu, Greece",-,Open in Google Maps
134,White house,Apartment,"Corfu, Greece",-,Open in Google Maps
135,spiridoula,Apartment,"Corfu, Greece",-,Open in Google Maps
136,Μαριος Στουντιος,Apartment,"Corfu, Greece",+306973303688,Open in Google Maps
137,Τεοδορος,Apartment,"Corfu, Greece",-,Open in Google Maps
138,Вилла Саши,Apartment,"Corfu, Greece",-,Open in Google Maps
139,Ipsos Beach,Camp_site,"Corfu, Greece",-,Open in Google Maps
140,Karda Beach,Camp_site,"Corfu, Greece",-,Open in Google Maps
141,Roda Beach,Camp_site,"Corfu, Greece",+30 2663 063120,Open in Google Maps
142,Καρουσάδες,Camp_site,"Corfu, Greece",-,Open in Google Maps
143,Προσκοπικό Κέντρο,Camp_site,"Corfu, Greece",-,Open in Google Maps
144,Adriolos Studios & Apartments,Chalet,"Corfu, Greece",-,Open in Google Maps
145,Angela Studios,Chalet,Κασσιόπη,-,Open in Google Maps
146,"Appartments Michalis, Mario and Stavroula",Chalet,"Corfu, Greece",-,Open in Google Maps
147,Blofeld,Chalet,2401 - 2460,-,Open in Google Maps
148,Bounias Apartments,Chalet,"Corfu, Greece",-,Open in Google Maps
149,House Alexander Glyfada,Chalet,"Corfu, Greece",-,Open in Google Maps
150,Kidonakia,Chalet,"Corfu, Greece",-,Open in Google Maps
151,Konkolos,Chalet,"Corfu, Greece",-,Open in Google Maps
152,Korina Studios,Chalet,"Corfu, Greece",-,Open in Google Maps
153,Kostas,Chalet,"Corfu, Greece",-,Open in Google Maps
154,Nasz domek w Grecji,Chalet,"Corfu, Greece",-,Open in Google Maps
155,Olive Grove House,Chalet,"Corfu, Greece",-,Open in Google Maps
156,Pelagos,Chalet,"Corfu, Greece",-,Open in Google Maps
157,Rena Studios,Chalet,"Corfu, Greece",-,Open in Google Maps
158,Spactre,Chalet,2501 - 2550,-,Open in Google Maps
159,Spyros,Chalet,"Corfu, Greece",-,Open in Google Maps
160,Studios Makis,Chalet,"Corfu, Greece",-,Open in Google Maps
161,Sun Set Seaview Villa 6,Chalet,"Corfu, Greece",-,Open in Google Maps
162,The Beach House,Chalet,"Corfu, Greece",-,Open in Google Maps
163,The Central Suites,Chalet,Κασσιόπη,-,Open in Google Maps
164,The Little Prince Luxury Suites,Chalet,"Corfu, Greece",-,Open in Google Maps
165,Villa ANgela,Chalet,"Corfu, Greece",-,Open in Google Maps
166,Villa Adriatica,Chalet,Gardenos Vitalades Lefkimmi,-,Open in Google Maps
167,Villa Agathi,Chalet,"Corfu, Greece",-,Open in Google Maps
168,Villa Apleton,Chalet,"Corfu, Greece",-,Open in Google Maps
169,Villa Christos,Chalet,"Corfu, Greece",-,Open in Google Maps
170,Villa Elia,Chalet,"Corfu, Greece",-,Open in Google Maps
171,Villa Fisi,Chalet,Gouvia,-,Open in Google Maps
172,Villa Helios,Chalet,"Corfu, Greece",-,Open in Google Maps
173,Villa Himara,Chalet,Κασσιόπη,-,Open in Google Maps
174,Villa Kyma,Chalet,"Corfu, Greece",-,Open in Google Maps
175,Villa Levante,Chalet,"Corfu, Greece",-,Open in Google Maps
176,Villa Michael,Chalet,"Corfu, Greece",-,Open in Google Maps
177,Villa Myrto,Chalet,"Corfu, Greece",-,Open in Google Maps
178,Villa Myrto,Chalet,"Corfu, Greece",-,Open in Google Maps
179,Villa Myrto,Chalet,"Corfu, Greece",-,Open in Google Maps
180,Villa Namasté,Chalet,"Corfu, Greece",-,Open in Google Maps
181,Villa Petrino,Chalet,"Corfu, Greece",-,Open in Google Maps
182,Villa Soukia,Chalet,"Corfu, Greece",-,Open in Google Maps
183,Villa Thanos,Chalet,"Corfu, Greece",-,Open in Google Maps
184,Villa Yeraki,Chalet,"Corfu, Greece",-,Open in Google Maps
185,Villa Yolanda,Chalet,"Corfu, Greece",-,Open in Google Maps
186,Adriana Studios,Guest_house,"Corfu, Greece",-,Open in Google Maps
187,Alexandros,Guest_house,"Corfu, Greece",-,Open in Google Maps
188,Anastasia,Guest_house,"Corfu, Greece",-,Open in Google Maps
189,Andriana Apartments,Guest_house,"Corfu, Greece",+302662052814,Open in Google Maps
190,Anemone,Guest_house,"Corfu, Greece",-,Open in Google Maps
191,Angelos Rooms,Guest_house,"Corfu, Greece",-,Open in Google Maps
192,Bella Grecia,Guest_house,"Corfu, Greece",-,Open in Google Maps
193,Da Sofia,Guest_house,"Corfu, Greece",-,Open in Google Maps
194,Dimis apt,Guest_house,"Corfu, Greece",-,Open in Google Maps
195,Eleni,Guest_house,"Corfu, Greece",-,Open in Google Maps
196,Filoxenia,Guest_house,"Corfu, Greece",-,Open in Google Maps
197,Flower Villa's,Guest_house,"Corfu, Greece",-,Open in Google Maps
198,Gongis Studios,Guest_house,"Corfu, Greece",-,Open in Google Maps
199,Happy Easy 1,Guest_house,"Corfu, Greece",-,Open in Google Maps
200,Happy Easy 10,Guest_house,"Corfu, Greece",-,Open in Google Maps
201,Happy Easy 11,Guest_house,"Corfu, Greece",-,Open in Google Maps
202,Happy Easy 12,Guest_house,"Corfu, Greece",-,Open in Google Maps
203,Happy Easy 13,Guest_house,"Corfu, Greece",-,Open in Google Maps
204,Happy Easy 14,Guest_house,"Corfu, Greece",-,Open in Google Maps
205,Happy Easy 2,Guest_house,"Corfu, Greece",-,Open in Google Maps
206,Happy Easy 3,Guest_house,"Corfu, Greece",-,Open in Google Maps
207,Happy Easy 4,Guest_house,"Corfu, Greece",-,Open in Google Maps
208,Happy Easy 5,Guest_house,"Corfu, Greece",-,Open in Google Maps
209,Happy Easy 6,Guest_house,"Corfu, Greece",-,Open in Google Maps
210,Happy Easy 7,Guest_house,"Corfu, Greece",-,Open in Google Maps
211,Happy Easy 8,Guest_house,"Corfu, Greece",-,Open in Google Maps
212,Happy Easy 9,Guest_house,"Corfu, Greece",-,Open in Google Maps
213,Hawaii,Guest_house,"Corfu, Greece",-,Open in Google Maps
214,Malibu,Guest_house,"Corfu, Greece",-,Open in Google Maps
215,Maria,Guest_house,"Corfu, Greece",-,Open in Google Maps
216,Marialice,Guest_house,"Corfu, Greece",-,Open in Google Maps
217,Marieta's house,Guest_house,"Varypatades, Corfu, Greece Βαρυπατάδες 49084",-,Open in Google Maps
218,Marini Studios,Guest_house,"Corfu, Greece",-,Open in Google Maps
219,Nick's house,Guest_house,"Corfu, Greece",-,Open in Google Maps
220,Paramonas Villas,Guest_house,"Corfu, Greece",-,Open in Google Maps
221,Pension Nychterida,Guest_house,"Corfu, Greece",-,Open in Google Maps
222,Rolling Stone,Guest_house,"Corfu, Greece",-,Open in Google Maps
223,Rose Garden Rooms,Guest_house,"Corfu, Greece",-,Open in Google Maps
224,Sailors Apartments,Guest_house,"Corfu, Greece",-,Open in Google Maps
225,San George Cove,Guest_house,"Corfu, Greece",-,Open in Google Maps
226,San Stelianos,Guest_house,"Corfu, Greece",-,Open in Google Maps
227,Skala,Guest_house,"Corfu, Greece",-,Open in Google Maps
228,Skevolis studios,Guest_house,"Corfu, Greece",-,Open in Google Maps
229,Spiros House,Guest_house,"Corfu, Greece",-,Open in Google Maps
230,Summer Dream,Guest_house,"Corfu, Greece",-,Open in Google Maps
231,Sunset house,Guest_house,"Corfu, Greece",-,Open in Google Maps
232,Valtes,Guest_house,"Corfu, Greece",-,Open in Google Maps
233,Veroniki,Guest_house,"Corfu, Greece",-,Open in Google Maps
234,Viktor’s house by the sea,Guest_house,"Corfu, Greece",-,Open in Google Maps
235,Villa Alexandra,Guest_house,"Corfu, Greece",-,Open in Google Maps
236,Villa Corfiota,Guest_house,"Corfu, Greece",-,Open in Google Maps
237,Villa Olive,Guest_house,"Corfu, Greece",-,Open in Google Maps
238,Villa Petroula,Guest_house,"Corfu, Greece",-,Open in Google Maps
239,Villa Savallas (AirBnB),Guest_house,"Corfu, Greece",+30 6997918321,Open in Google Maps
240,Villa Vlachos,Guest_house,"Corfu, Greece",-,Open in Google Maps
241,ALEXIS Pool Apartments,Hotel,"Corfu, Greece",-,Open in Google Maps
242,Acharavi Beach Hotel,Hotel,Κέρκυρα 49100,-,Open in Google Maps
243,Acharavi Garden,Hotel,"Corfu, Greece",-,Open in Google Maps
244,Adonis Apartment,Hotel,"Corfu, Greece",-,Open in Google Maps
245,Aegli,Hotel,"Corfu, Greece",-,Open in Google Maps
246,Aggelos Family Hotel,Hotel,"Corfu, Greece",-,Open in Google Maps
247,Akrotiri Beach,Hotel,"Corfu, Greece",-,Open in Google Maps
248,Akti Anastassia Apart Hotel,Hotel,"Corfu, Greece",-,Open in Google Maps
249,Akti Aphrodite Hotel,Hotel,"Corfu, Greece",-,Open in Google Maps
250,Alex Beach,Hotel,"Corfu, Greece",-,Open in Google Maps
251,Alexis Zorbas,Hotel,"Corfu, Greece",-,Open in Google Maps
252,Aloha,Hotel,"Corfu, Greece",-,Open in Google Maps
253,Amalia Apartments,Hotel,Acharavi,+30-26630-63711,Open in Google Maps
254,Ananias Studios,Hotel,"Corfu, Greece",-,Open in Google Maps
255,Anastasia apartments,Hotel,"Corfu, Greece",-,Open in Google Maps
256,Anemona Apartments Sidari,Hotel,"Corfu, Greece",-,Open in Google Maps
257,Angela,Hotel,"Corfu, Greece",-,Open in Google Maps
258,Angela Beach,Hotel,"Corfu, Greece",-,Open in Google Maps
259,Angela Beach,Hotel,"Corfu, Greece",-,Open in Google Maps
260,Angeliki Apartments,Hotel,"Corfu, Greece",-,Open in Google Maps
261,Angelo Studios,Hotel,"Corfu, Greece",-,Open in Google Maps
262,Angsana Corfu,Hotel,"Corfu, Greece",-,Open in Google Maps
263,Anna apartments,Hotel,"Corfu, Greece",-,Open in Google Maps
264,Aphrodite Apartments,Hotel,"Corfu, Greece",-,Open in Google Maps
265,Apraos Bay Hotel,Hotel,"Corfu, Greece",-,Open in Google Maps
266,Aquarius Aparthotel,Hotel,"Corfu, Greece",+30-26610-75214,Open in Google Maps
267,Aragorn,Hotel,"Corfu, Greece",-,Open in Google Maps
268,Archontiko Loukis,Hotel,"Corfu, Greece",-,Open in Google Maps
269,Arianna Studios,Hotel,49083,+49 89 38034138,Open in Google Maps
270,Arion,Hotel,"Corfu, Greece",-,Open in Google Maps
271,Aristea,Hotel,"Corfu, Greece",-,Open in Google Maps
272,Arivallos Villa & Spa,Hotel,Κέρκυρα 49081,-,Open in Google Maps
273,Aroggia Farm,Hotel,"Corfu, Greece",-,Open in Google Maps
274,Aronda,Hotel,Ρένας Βλαχοπούλου,-,Open in Google Maps
275,Artistico,Hotel,"Corfu, Greece",-,Open in Google Maps
276,Athena,Hotel,"Corfu, Greece",-,Open in Google Maps
277,Athina Hotel,Hotel,"Corfu, Greece",-,Open in Google Maps
278,Athina Studios,Hotel,"Corfu, Greece",-,Open in Google Maps
279,Atlantica Nissaki Beach,Hotel,"Corfu, Greece",-,Open in Google Maps
280,Aurora,Hotel,"Corfu, Greece",-,Open in Google Maps
281,Avra Sunset Sea View,Hotel,"Corfu, Greece",-,Open in Google Maps
282,Beach Star,Hotel,"Corfu, Greece",-,Open in Google Maps
283,Bella Vista Beach Hotel,Hotel,"Corfu, Benitses, Greece 49084",-,Open in Google Maps
284,Belvedere Paleo,Hotel,"Corfu, Greece",-,Open in Google Maps
285,Bintzan Inn,Hotel,"Corfu, Greece",-,Open in Google Maps
286,Blue Diamond Studios,Hotel,"Corfu, Greece",-,Open in Google Maps
287,Blue Sea,Hotel,"Corfu, Greece",-,Open in Google Maps
288,Botzoris Apartments,Hotel,"Corfu, Greece",-,Open in Google Maps
289,Building B - Rooms 301-315 401-419 501-519 601-614,Hotel,"Corfu, Greece",-,Open in Google Maps
290,Building C Rooms 701-721,Hotel,"Corfu, Greece",-,Open in Google Maps
291,Building D Rooms 722 - 742,Hotel,"Corfu, Greece",-,Open in Google Maps
292,Building E Rooms 743 - 763,Hotel,"Corfu, Greece",-,Open in Google Maps
293,Building F Rooms 764 - 784,Hotel,"Corfu, Greece",-,Open in Google Maps
294,Building G Rooms 801 - 832,Hotel,"Corfu, Greece",-,Open in Google Maps
295,Calondri Apartments,Hotel,"Corfu, Greece",-,Open in Google Maps
296,Casa del Mar,Hotel,"Corfu, Greece",-,Open in Google Maps
297,Catamaran,Hotel,"Corfu, Greece",-,Open in Google Maps
298,Christinas Apartments,Hotel,"Corfu, Greece",-,Open in Google Maps
299,Chrysanthy Apartments,Hotel,"Corfu, Greece",-,Open in Google Maps
300,Contessina Apt.,Hotel,Ναπολέοντος Ζαμπέλη 12,-,Open in Google Maps
301,Contessina Apt.,Hotel,Ναπολέοντος Ζαμπέλη 12,-,Open in Google Maps
302,Contessina Apt.,Hotel,Napoleontos Zambeli 12,-,Open in Google Maps
303,Conti Mansion,Hotel,"Corfu, Greece",-,Open in Google Maps
304,Cooee Albatros,Hotel,"Corfu, Greece",-,Open in Google Maps
305,Coral,Hotel,"Corfu, Greece",-,Open in Google Maps
306,Corfu Boutique House,Hotel,"Corfu, Greece",-,Open in Google Maps
307,Corfu Garden Village,Hotel,"Corfu, Greece",-,Open in Google Maps
308,Corfu Inn Apartments,Hotel,"Corfu, Greece",-,Open in Google Maps
309,Corfu Maris Hotel,Hotel,49084,-,Open in Google Maps
310,Corfu Residence,Hotel,"Corfu, Greece",-,Open in Google Maps
311,Corfu Sun Sea Side Apartments,Hotel,Κέρκυρα - Λευκίμμη,-,Open in Google Maps
312,Corfu SunGate,Hotel,"Corfu, Greece",-,Open in Google Maps
313,Corifo Village,Hotel,"Corfu, Greece",-,Open in Google Maps
314,Courti Estate,Hotel,"Corfu, Greece",-,Open in Google Maps
315,DIVANI HOTEL,Hotel,"Corfu, Greece",-,Open in Google Maps
316,Dassia Beach Hotel,Hotel,"Corfu, Greece",-,Open in Google Maps
317,Dassia Beach Pension,Hotel,"Corfu, Greece",-,Open in Google Maps
318,Dassia Margarita,Hotel,"Corfu, Greece",-,Open in Google Maps
319,Debono,Hotel,"Corfu, Greece",-,Open in Google Maps
320,Delfinia,Hotel,"Corfu, Greece",-,Open in Google Maps
321,Delfino Blu,Hotel,"Corfu, Greece",-,Open in Google Maps
322,Dimitri's Studios,Hotel,"Corfu, Greece",-,Open in Google Maps
323,Dina's Paradise,Hotel,"Corfu, Greece",-,Open in Google Maps
324,Domenico Hotel,Hotel,"Corfu, Greece",-,Open in Google Maps
325,Ektor Apartments,Hotel,"Corfu, Greece",-,Open in Google Maps
326,Elena Apartments,Hotel,"Corfu, Greece",-,Open in Google Maps
327,Elena Pool,Hotel,"Corfu, Greece",-,Open in Google Maps
328,Eleni Apartments,Hotel,"Corfu, Greece",-,Open in Google Maps
329,Elisabeth Appartements,Hotel,"Corfu, Greece",-,Open in Google Maps
330,Emily's Apartments,Hotel,"Corfu, Greece",-,Open in Google Maps
331,Erifili Apartments,Hotel,"Corfu, Greece",-,Open in Google Maps
332,Erofili Hotel Kavos Corfu,Hotel,"Corfu, Greece",-,Open in Google Maps
333,Esperides Studios,Hotel,"Corfu, Greece",-,Open in Google Maps
334,Europa,Hotel,"Corfu, Greece",-,Open in Google Maps
335,Flora's Apartments,Hotel,Agios Georgios South 49080,-,Open in Google Maps
336,Foivos Apartments,Hotel,"Corfu, Greece",-,Open in Google Maps
337,Golden Nests,Hotel,"Corfu, Greece",-,Open in Google Maps
338,Golden Sunset,Hotel,"Corfu, Greece",-,Open in Google Maps
339,Gregory Studios,Hotel,"Corfu, Greece",-,Open in Google Maps
340,Hellinis,Hotel,"Corfu, Greece",-,Open in Google Maps
341,Hermes Xenon,Hotel,"Corfu, Greece",-,Open in Google Maps
342,Horizon Hotel,Hotel,"Corfu, Greece",-,Open in Google Maps
343,Hotel Ammos Bay,Hotel,"Corfu, Greece",-,Open in Google Maps
344,Hotel Apollon,Hotel,Κέρκυρας - Παλαιοκαστρίτσας,-,Open in Google Maps
345,Hotel Bella Venezia,Hotel,Ναπολέοντος Ζαμπέλη 4,-,Open in Google Maps
346,Hotel Belvedere,Hotel,Corfu Trail,-,Open in Google Maps
347,Hotel Corfu Secret,Hotel,"Corfu, Greece",-,Open in Google Maps
348,Hotel Corfu valley view,Hotel,"Corfu, Greece",-,Open in Google Maps
349,Hotel Elena,Hotel,"Corfu, Greece",-,Open in Google Maps
350,Hotel Golden Sands,Hotel,"Corfu, Greece",-,Open in Google Maps
351,Hotel Kantarellis,Hotel,"Corfu, Greece",-,Open in Google Maps
352,Hotel Konstantinoupolis,Hotel,"Corfu, Greece",-,Open in Google Maps
353,Hotel Marida,Hotel,"Corfu, Greece",-,Open in Google Maps
354,Hotel Marina,Hotel,"Corfu, Greece",-,Open in Google Maps
355,Hotel Nautilus,Hotel,Tzavros 49083,+30 26610 93620,Open in Google Maps
356,Hotel Regina,Hotel,"Corfu, Greece",-,Open in Google Maps
357,Hotel Riviera,Hotel,"Corfu, Greece",-,Open in Google Maps
358,Hotel Telesilla,Hotel,"Corfu, Greece",-,Open in Google Maps
359,Hotel Trivizas,Hotel,"Corfu, Greece",-,Open in Google Maps
360,Ibiscus Corfu (former Mirabell),Hotel,Roda 49081,-,Open in Google Maps
361,Iliada Beach Hotel,Hotel,"Corfu, Greece",-,Open in Google Maps
362,Ionian sea view hotel,Hotel,"Corfu, Greece",-,Open in Google Maps
363,Ippocrates Apartments,Hotel,"Corfu, Greece",-,Open in Google Maps
364,Island,Hotel,"Corfu, Greece",-,Open in Google Maps
365,Jasmine Apartments,Hotel,"Corfu, Greece",-,Open in Google Maps
366,Jason,Hotel,"Corfu, Greece",-,Open in Google Maps
367,Jennys Studios,Hotel,"Corfu, Greece",-,Open in Google Maps
368,Kairaba Sandy Villas,Hotel,"Corfu, Greece",-,Open in Google Maps
369,Kamari Apartments,Hotel,"Corfu, Greece",-,Open in Google Maps
370,Karina hotel,Hotel,"Corfu, Greece",-,Open in Google Maps
371,Kerkyra apartotel,Hotel,"Corfu, Greece",-,Open in Google Maps
372,Kiki's Apartment,Hotel,"Corfu, Greece",-,Open in Google Maps
373,Kontokali Bay,Hotel,"Corfu, Greece",-,Open in Google Maps
374,Korfu Maris Bellos,Hotel,"Corfu, Greece",-,Open in Google Maps
375,Kormoranos Beach Hotel,Hotel,"Corfu, Greece",-,Open in Google Maps
376,Kostas Apartments,Hotel,"Corfu, Greece",-,Open in Google Maps
377,Kostas Golden Beach Hotel,Hotel,"Corfu, Greece",-,Open in Google Maps
378,Koulouris Beach Village,Hotel,"Corfu, Greece",-,Open in Google Maps
379,La Palma Studios & Apartments,Hotel,"Corfu, Greece",-,Open in Google Maps
380,Leftis Romantica,Hotel,"Corfu, Greece",-,Open in Google Maps
381,Lena Mare,Hotel,"Corfu, Greece",-,Open in Google Maps
382,Levant,Hotel,"Corfu, Greece",-,Open in Google Maps
383,Likithos,Hotel,"Corfu, Greece",-,Open in Google Maps
384,Livadi Nafsika,Hotel,"Corfu, Greece",-,Open in Google Maps
385,Lookea Sunshine,Hotel,"Corfu, Greece",-,Open in Google Maps
386,Louis Ionian Sun,Hotel,"Corfu, Greece",-,Open in Google Maps
387,Louis Kerkyra Golf Hotel,Hotel,"Corfu, Greece",-,Open in Google Maps
388,Loula Apartments,Hotel,"Corfu, Greece",-,Open in Google Maps
389,Loutrouvia Hotel,Hotel,"Corfu, Greece",0030 26610 72392,Open in Google Maps
390,Louvre,Hotel,"Corfu, Greece",-,Open in Google Maps
391,Louvros Apartments,Hotel,"Corfu, Greece",-,Open in Google Maps
392,Marco Polo,Hotel,"Corfu, Greece",-,Open in Google Maps
393,Margarita,Hotel,"Corfu, Greece",-,Open in Google Maps
394,Margarita Suits,Hotel,"Corfu, Greece",-,Open in Google Maps
395,Maria Studios,Hotel,"Corfu, Greece",-,Open in Google Maps
396,Maria's Paradise,Hotel,"Corfu, Greece",-,Open in Google Maps
397,Marie,Hotel,"Corfu, Greece",-,Open in Google Maps
398,Marilena,Hotel,"Corfu, Greece",-,Open in Google Maps
399,Marilena Studios and Apartments,Hotel,Κέρκυρας - Παλαιοκαστρίτσας Paleokastritsa 49083,-,Open in Google Maps
400,Marina studio,Hotel,"Corfu, Greece",-,Open in Google Maps
401,Marvel Hotel,Hotel,"Corfu, Greece",-,Open in Google Maps
402,Marvel hotel,Hotel,Arillas,-,Open in Google Maps
403,Mega,Hotel,"Corfu, Greece",-,Open in Google Maps
404,Megali Beach Nikos,Hotel,"Corfu, Greece",-,Open in Google Maps
405,Megali Luxuries,Hotel,"Corfu, Greece",-,Open in Google Maps
406,Melina Bay Boutique Hotel,Hotel,"Corfu, Greece",-,Open in Google Maps
407,Mimosa Apartments,Hotel,"Corfu, Greece",-,Open in Google Maps
408,Miramare Beach & Spa,Hotel,"Corfu, Greece",-,Open in Google Maps
409,Molfetta Beach Hotel,Hotel,"Corfu, Greece",-,Open in Google Maps
410,Monika Hotel,Hotel,"Corfu, Greece",-,Open in Google Maps
411,Morfeas Hotel,Hotel,"Corfu, Greece",-,Open in Google Maps
412,Nasos & Daisy,Hotel,"Corfu, Greece",-,Open in Google Maps
413,Natural Blue Apartments,Hotel,"Corfu, Greece",-,Open in Google Maps
414,Nikos Apartments,Hotel,"Corfu, Greece",-,Open in Google Maps
415,Oassis,Hotel,"Corfu, Greece",-,Open in Google Maps
416,Odyseus,Hotel,"Corfu, Greece",-,Open in Google Maps
417,Oniro Villas,Hotel,"Corfu, Greece",-,Open in Google Maps
418,Orestis Apartments,Hotel,"Corfu, Greece",-,Open in Google Maps
419,Oscar,Hotel,"Corfu, Greece",-,Open in Google Maps
420,Palapart Gi,Hotel,"Corfu, Greece",-,Open in Google Maps
421,Paleo ArtNouveau Hotel,Hotel,"Corfu, Greece",-,Open in Google Maps
422,Paleo Inn Hotel,Hotel,"Corfu, Greece",-,Open in Google Maps
423,Palm Grove Corfu,Hotel,"Corfu, Greece",-,Open in Google Maps
424,Palma Boutique Hotel,Hotel,"Corfu, Greece",-,Open in Google Maps
425,Paloma Blanca Hotel,Hotel,Kato Korakiana Dassia 49083,+30 2661093575,Open in Google Maps
426,Paradise,Hotel,"Corfu, Greece",-,Open in Google Maps
427,Paradise Hotel,Hotel,"Corfu, Greece",-,Open in Google Maps
428,Paramonas Hotel,Hotel,ParamonasBeach 1 Corfu,00302661076595,Open in Google Maps
429,Patriki Apartments Sidari Corfu,Hotel,"Corfu, Greece",-,Open in Google Maps
430,Penelope Appartments,Hotel,"Corfu, Greece",-,Open in Google Maps
431,Pension Dionysos,Hotel,"Corfu, Greece",-,Open in Google Maps
432,Perros apartments,Hotel,"Corfu, Greece",-,Open in Google Maps
433,Philoxenia,Hotel,Ερμόνες 49100,-,Open in Google Maps
434,Phivos Studio Pool Bar,Hotel,"Corfu, Greece",-,Open in Google Maps
435,Platakia Blu,Hotel,"Corfu, Greece",-,Open in Google Maps
436,Pontikonisi,Hotel,"Corfu, Greece",-,Open in Google Maps
437,Popi Star,Hotel,"Corfu, Greece",-,Open in Google Maps
438,Prassino Nissi,Hotel,"Corfu, Greece",-,Open in Google Maps
439,PrimaSol Luis hotels,Hotel,Corfu Trail,-,Open in Google Maps
440,Priodi villa,Hotel,"Corfu, Greece",-,Open in Google Maps
441,Ray Hotel,Hotel,"Corfu, Greece",-,Open in Google Maps
442,Restia Suites,Hotel,"Corfu, Greece",-,Open in Google Maps
443,Roda Garden Village,Hotel,"Corfu, Greece",-,Open in Google Maps
444,Romanza Hotel,Hotel,"Corfu, Greece",-,Open in Google Maps
445,Royal Garden,Hotel,Kavos 49080,-,Open in Google Maps
446,Royal boutique,Hotel,"Corfu, Greece",-,Open in Google Maps
447,Saint Nicholas Hotel,Hotel,"Corfu, Greece",-,Open in Google Maps
448,San Remo,Hotel,"Corfu, Greece",-,Open in Google Maps
449,Scheria,Hotel,"Corfu, Greece",-,Open in Google Maps
450,Sea Bird,Hotel,"Corfu, Greece",-,Open in Google Maps
451,Sea bird,Hotel,"Corfu, Greece",-,Open in Google Maps
452,Secreta Vista,Hotel,"Corfu, Greece",-,Open in Google Maps
453,Sidari Inn Aparthotel,Hotel,"Corfu, Greece",-,Open in Google Maps
454,Sidari Waterpark Hotel,Hotel,"Corfu, Greece",-,Open in Google Maps
455,Silver Moon,Hotel,"Corfu, Greece",-,Open in Google Maps
456,Spiros Apartments,Hotel,"Corfu, Greece",-,Open in Google Maps
457,Spiros Maria,Hotel,"Corfu, Greece",-,Open in Google Maps
458,Stemma hotel,Hotel,"Corfu, Greece",-,Open in Google Maps
459,Sunflower Apartments,Hotel,"Corfu, Greece",-,Open in Google Maps
460,Sunlight Hotel,Hotel,Benitses 49084,-,Open in Google Maps
461,Sunset,Hotel,Palaiokastritsa Kerkyra,-,Open in Google Maps
462,Telemachos Hotel,Hotel,"Corfu, Greece",-,Open in Google Maps
463,The Olivar Suites,Hotel,"Corfu, Greece",-,Open in Google Maps
464,The White House,Hotel,"Corfu, Greece",-,Open in Google Maps
465,Theofilos apartments,Hotel,"Corfu, Greece",-,Open in Google Maps
466,Thomas Beach Studios,Hotel,"Corfu, Greece",-,Open in Google Maps
467,Three Brothers Hotel,Hotel,"Corfu, Greece",-,Open in Google Maps
468,Three Stars Village,Hotel,"Corfu, Greece",-,Open in Google Maps
469,Tony's Apartments,Hotel,"Corfu, Greece",-,Open in Google Maps
470,Tzevenos,Hotel,"Corfu, Greece",-,Open in Google Maps
471,Tzovana,Hotel,"Corfu, Greece",-,Open in Google Maps
472,V - Hotels Group Sidari Panorama,Hotel,"Corfu, Greece",-,Open in Google Maps
473,Vanilla Apartments,Hotel,"Corfu, Greece",-,Open in Google Maps
474,Vassilis Apartments,Hotel,"Corfu, Greece",-,Open in Google Maps
475,Vicky,Hotel,"Corfu, Greece",-,Open in Google Maps
476,Victoria Hotel,Hotel,"Corfu, Greece",-,Open in Google Maps
477,Villa Agiolina,Hotel,"Corfu, Greece",-,Open in Google Maps
478,Villa Akis,Hotel,"Corfu, Greece",-,Open in Google Maps
479,Villa Alexandra,Hotel,"Corfu, Greece",-,Open in Google Maps
480,Villa Angelo,Hotel,"Corfu, Greece",-,Open in Google Maps
481,Villa Anna Castello,Hotel,"Corfu, Greece",-,Open in Google Maps
482,Villa Anthoussa,Hotel,"Corfu, Greece",-,Open in Google Maps
483,Villa Del Sol Corfu,Hotel,"Corfu, Greece",-,Open in Google Maps
484,Villa Eleni,Hotel,"Corfu, Greece",-,Open in Google Maps
485,Villa Fantasia,Hotel,"Corfu, Greece",-,Open in Google Maps
486,Villa Karmar,Hotel,"Corfu, Greece",-,Open in Google Maps
487,Villa Maria,Hotel,"Corfu, Greece",-,Open in Google Maps
488,Villa Nefeli,Hotel,"Corfu, Greece",-,Open in Google Maps
489,Villa Paradise Nest,Hotel,"Corfu, Greece",-,Open in Google Maps
490,Villa Spiro,Hotel,Неохораки,-,Open in Google Maps
491,Villa Tasos,Hotel,"Corfu, Greece",-,Open in Google Maps
492,Villa Theodora,Hotel,"Corfu, Greece",-,Open in Google Maps
493,VillaThalassa,Hotel,"Corfu, Greece",00306977783136,Open in Google Maps
494,Vrachos,Hotel,"Corfu, Greece",-,Open in Google Maps
495,Yaliskari Hotel Closed,Hotel,"Corfu, Greece",-,Open in Google Maps
496,Yiannis Apartments,Hotel,"Corfu, Greece",-,Open in Google Maps
497,Yiannis Village,Hotel,"Corfu, Greece",-,Open in Google Maps
498,Αρκάδιον,Hotel,"Corfu, Greece",-,Open in Google Maps
499,Διαμερίσματα Σπίτι Νίκος,Hotel,"Corfu, Greece",-,Open in Google Maps
500,Μυρτιοτισσα,Hotel,Mirtiotissa street 3 49100,00306983823424,Open in Google Maps
